<?xml version="1.0" encoding="UTF-8" standalone="yes"?>
<addon id="filmesetv.repository" name="Filmes e TV Repository" version="0.0.2" provider-name="TecNerdTV">
	<extension point="xbmc.addon.repository" name="Filmes e TV Add-on Repository">
		<info compressed="false">http://raw.github.com/Jdlouko/filmesetv.repository/master/addons.xml</info>
		<checksum>http://raw.github.com/Jdlouko/filmesetv.repository/master/addons.xml.md5</checksum>
		<datadir zip="true">http://raw.github.com/Jdlouko/filmesetv.repository/master/repo/</datadir>
	</extension>
	<extension point="xbmc.addon.metadata">
		<summary>Filmes e TV Addon</summary>
		<description>Addon Filmes e TV</description>
		<disclaimer></disclaimer>
		<platform>all</platform>
	</extension>
</addon>
